State,Year,Deaths,Population,Crude Rate,Crude Rate Lower 95% Confidence Interval,Crude Rate Upper 95% Confidence Interval,Prescriptions Dispensed by US Retailers in that year (millions),Percentage Deaths,Risk
Alabama,1999,39,4430141,0.9,0.6,1.2,116,0.0008803331541817744,0
Alabama,2000,46,4447100,1,0.8,1.4,126,0.0010343819567808234,0
Alabama,2001,67,4467634,1.5,1.2,1.9,138,0.0014996752195905036,0
Alabama,2002,75,4480089,1.7,1.3,2.1,142,0.0016740738855857552,0
Alabama,2003,54,4503491,1.2,0.9,1.6,149,0.0011990697883042288,0
Alabama,2004,92,4530729,2,1.6,2.5,155,0.002030578302078981,0
Alabama,2005,83,4569805,1.8,1.4,2.3,163,0.0018162700596633774,0
Alabama,2006,134,4628981,2.9,2.4,3.4,174,0.002894805573840117,0
Alabama,2007,172,4672840,3.7,3.1,4.2,184,0.003680845053543455,1
Alabama,2008,195,4718206,4.1,3.6,4.7,196,0.004132926794633384,1
Alabama,2009,210,4757938,4.4,3.8,5,202,0.004413676680948764,1
Alabama,2010,194,4779736,4.1,3.5,4.6,210,0.004058801573978144,1
Alabama,2011,180,4802740,3.7,3.2,4.3,219,0.003747860596242978,1
Alabama,2012,175,4822023,3.6,3.1,4.2,217,0.0036291821917896288,1
Alabama,2013,175,4833722,3.6,3.1,4.2,207,0.003620398525194457,1
Alabama,2014,282,4849377,5.8,5.1,6.5,196,0.005815179970540546,1
Alaska,1999,28,624779,4.5,3,6.5,116,0.004481584688345799,1
Alaska,2000,27,626932,4.3,2.8,6.3,126,0.004306687168624348,1
Alaska,2006,29,675302,4.3,2.9,6.2,174,0.004294374961128502,1
Alaska,2008,94,687455,13.7,11,16.7,196,0.0136736222734579,2
Alaska,2009,94,698895,13.4,10.9,16.5,202,0.013449802903154265,2
Alaska,2010,71,710231,10,7.8,12.6,210,0.009996747537068924,1
Alaska,2011,72,722718,10,7.8,12.5,219,0.009962391970312071,1
Alaska,2012,81,731449,11.1,8.8,13.8,217,0.011073909459169402,2
Alaska,2013,69,735132,9.4,7.3,11.9,207,0.00938606944059026,1
Alaska,2014,79,736732,10.7,8.5,13.4,196,0.010723030898617137,2
Arizona,1999,250,5023823,5,4.4,5.6,116,0.004976289968814586,1
Arizona,2000,249,5130632,4.9,4.3,5.5,126,0.004853203270084466,1
Arizona,2001,275,5273477,5.2,4.6,5.8,138,0.005214775754213017,1
Arizona,2002,340,5396255,6.3,5.6,7,142,0.006300665924794139,1
Arizona,2003,350,5510364,6.4,5.7,7,149,0.006351667512345827,1
Arizona,2004,360,5652404,6.4,5.7,7,155,0.006368971503098504,1
Arizona,2005,393,5839077,6.7,6.1,7.4,163,0.006730515798986723,1
Arizona,2006,479,6029141,7.9,7.2,8.7,174,0.007944747021175985,1
Arizona,2007,490,6167681,7.9,7.2,8.6,184,0.007944639160164087,1
Arizona,2008,515,6280362,8.2,7.5,8.9,196,0.008200164258047546,1
Arizona,2009,625,6343154,9.9,9.1,10.6,202,0.009853142458783123,1
Arizona,2010,650,6392017,10.2,9.4,11,210,0.010168934156464228,2
Arizona,2011,596,6482505,9.2,8.5,9.9,219,0.009193976711163355,1
Arizona,2012,565,6553255,8.6,7.9,9.3,217,0.008621669689337589,1
Arizona,2013,545,6626624,8.2,7.5,8.9,207,0.008224399030335809,1
Arizona,2014,616,6731484,9.2,8.4,9.9,196,0.00915102821309536,1
Arkansas,1999,29,2651860,1.1,0.7,1.6,116,0.0010935720588568024,0
Arkansas,2000,20,2673400,0.7,0.5,1.2,126,0.0007481110196753198,0
Arkansas,2001,30,2691571,1.1,0.8,1.6,138,0.0011145906981461756,0
Arkansas,2002,96,2705927,3.5,2.9,4.3,142,0.0035477675487919666,1
Arkansas,2003,98,2724816,3.6,2.9,4.4,149,0.0035965731264055996,1
Arkansas,2004,133,2749686,4.8,4,5.7,155,0.004836915924218256,1
Arkansas,2005,127,2781097,4.6,3.8,5.4,163,0.0045665433460249675,1
Arkansas,2006,149,2821761,5.3,4.4,6.1,174,0.005280390507913321,1
Arkansas,2007,156,2848650,5.5,4.6,6.3,184,0.00547627823705966,1
Arkansas,2008,210,2874554,7.3,6.3,8.3,196,0.007305481128550725,1
Arkansas,2009,221,2896843,7.6,6.6,8.6,202,0.0076289947366840385,1
Arkansas,2010,198,2915918,6.8,5.8,7.7,210,0.006790314405274771,1
Arkansas,2011,176,2937979,6,5.1,6.9,219,0.005990512525787284,1
Arkansas,2012,181,2949131,6.1,5.2,7,217,0.006137401153085434,1
Arkansas,2013,175,2959373,5.9,5,6.8,207,0.0059134147672496844,1
Arkansas,2014,179,2966369,6,5.2,6.9,196,0.006034313330539795,1
California,1999,1598,33499204,4.8,4.5,5,116,0.004770262600866576,1
California,2000,1105,33871648,3.3,3.1,3.5,126,0.0032623154326591962,1
California,2001,605,34479458,1.8,1.6,1.9,138,0.0017546679533071547,0
California,2002,1583,34871843,4.5,4.3,4.8,142,0.004539479028969017,1
California,2003,1530,35253159,4.3,4.1,4.6,149,0.004340036590763398,1
California,2004,1547,35574576,4.3,4.1,4.6,155,0.004348611210432979,1
California,2005,1485,35827943,4.1,3.9,4.4,163,0.004144809541535778,1
California,2006,1602,36021202,4.4,4.2,4.7,174,0.0044473807398209535,1
California,2007,1762,36250311,4.9,4.6,5.1,184,0.004860647954165138,1
California,2008,1889,36604337,5.2,4.9,5.4,196,0.005160590669897941,1
California,2009,2128,36961229,5.8,5.5,6,202,0.00575738431208551,1
California,2010,2059,37253956,5.5,5.3,5.8,210,0.005526929811158847,1
California,2011,2057,37691912,5.5,5.2,5.7,219,0.005457404230382369,1
California,2012,1847,38041430,4.9,4.6,5.1,217,0.004855232834307228,1
California,2013,2088,38332521,5.4,5.2,5.7,207,0.005447071952298676,1
California,2014,2159,38802500,5.6,5.3,5.8,196,0.00556407447973713,1
Colorado,1999,169,4226018,4,3.4,4.6,116,0.003999036445183149,1
Colorado,2000,184,4301261,4.3,3.7,4.9,126,0.004277815273241963,1
Colorado,2001,204,4425687,4.6,4,5.2,138,0.004609453854282962,1
Colorado,2002,206,4490406,4.6,4,5.2,142,0.004587558452398291,1
Colorado,2003,229,4528732,5.1,4.4,5.7,149,0.00505660304032122,1
Colorado,2004,233,4575013,5.1,4.4,5.7,155,0.005092881703286964,1
Colorado,2005,310,4631888,6.7,5.9,7.4,163,0.00669273523021282,1
Colorado,2006,337,4720423,7.1,6.4,7.9,174,0.007139190703883953,1
Colorado,2007,368,4803868,7.7,6.9,8.4,184,0.0076604935855856164,1
Colorado,2008,365,4889730,7.5,6.7,8.2,196,0.007464624836136147,1
Colorado,2009,412,4972195,8.3,7.5,9.1,202,0.008286078884677693,1
Colorado,2010,325,5029196,6.5,5.8,7.2,210,0.006462265539064295,1
Colorado,2011,423,5116796,8.3,7.5,9.1,219,0.0082668920160194,1
Colorado,2012,415,5187582,8,7.2,8.8,217,0.00799987354416759,1
Colorado,2013,443,5268367,8.4,7.6,9.2,207,0.008408677679440328,1
Colorado,2014,532,5355866,9.9,9.1,10.8,196,0.009933034172251509,1
Connecticut,1999,158,3386401,4.7,3.9,5.4,116,0.004665720332589082,1
Connecticut,2000,173,3405565,5.1,4.3,5.8,126,0.005079920659273865,1
Connecticut,2001,158,3432835,4.6,3.9,5.3,138,0.0046026097962762556,1
Connecticut,2002,174,3458749,5,4.3,5.8,142,0.005030720644949952,1
Connecticut,2003,168,3484336,4.8,4.1,5.6,149,0.004821578630763508,1
Connecticut,2004,196,3496094,5.6,4.8,6.4,155,0.0056062565823458985,1
Connecticut,2005,175,3506956,5,4.3,5.7,163,0.004990082567331897,1
Connecticut,2006,238,3517460,6.8,5.9,7.6,174,0.006766246098036651,1
Connecticut,2007,249,3527270,7.1,6.2,7.9,184,0.007059283808724594,1
Connecticut,2008,233,3545579,6.6,5.7,7.4,196,0.006571564193041531,1
Connecticut,2009,220,3561807,6.2,5.4,7,202,0.006176640115536861,1
Connecticut,2010,225,3574097,6.3,5.5,7.1,210,0.006295296406337041,1
Connecticut,2011,213,3580709,5.9,5.1,6.7,219,0.005948542593100975,1
Connecticut,2012,202,3590347,5.6,4.9,6.4,217,0.005626197133591823,1
Connecticut,2013,442,3596080,12.3,11.1,13.4,207,0.01229116148695246,2
Connecticut,2014,531,3596677,14.8,13.5,16,196,0.01476362764852112,2
Delaware,1999,32,774990,4.1,2.8,5.8,116,0.004129085536587569,1
Delaware,2000,36,783600,4.6,3.2,6.4,126,0.004594180704441041,1
Delaware,2001,40,795699,5,3.6,6.8,138,0.005027026551497489,1
Delaware,2002,54,806169,6.7,5,8.7,142,0.006698347368851941,1
Delaware,2003,46,818003,5.6,4.1,7.5,149,0.0056234512587362145,1
Delaware,2004,38,830803,4.6,3.2,6.3,155,0.0045738881539907775,1
Delaware,2005,33,845150,3.9,2.7,5.5,163,0.0039046323137904514,1
Delaware,2006,42,859268,4.9,3.5,6.6,174,0.004887881312931472,1
Delaware,2007,52,871749,6,4.5,7.8,184,0.005965019747656722,1
Delaware,2008,68,883874,7.7,6,9.8,196,0.007693404263503622,1
Delaware,2009,93,891730,10.4,8.4,12.8,202,0.010429165778879257,2
Delaware,2010,116,897934,12.9,10.6,15.3,210,0.012918544124623859,2
Delaware,2011,115,907135,12.7,10.4,15,219,0.012677275157501364,2
Delaware,2012,86,917092,9.4,7.5,11.6,217,0.009377467037112962,1
Delaware,2013,115,925749,12.4,10.2,14.7,207,0.012422373667160322,2
Delaware,2014,125,935614,13.4,11,15.7,196,0.013360210514165029,2
District of Columbia,1999,28,570213,4.9,3.3,7.1,116,0.004910445745712567,1
District of Columbia,2000,43,572059,7.5,5.4,10.1,126,0.007516707192789554,1
District of Columbia,2001,48,574504,8.4,6.2,11.1,138,0.008355033211257015,1
District of Columbia,2002,29,573158,5.1,3.4,7.3,142,0.005059686857725095,1
District of Columbia,2003,60,568502,10.6,8.1,13.6,149,0.010554052580289955,2
District of Columbia,2004,53,567754,9.3,7,12.2,155,0.009335028903363076,1
District of Columbia,2005,45,567136,7.9,5.8,10.6,163,0.007934604750888676,1
District of Columbia,2006,62,570681,10.9,8.3,13.9,174,0.010864213106796968,2
District of Columbia,2007,29,574404,5,3.4,7.3,184,0.005048711359948747,1
District of Columbia,2008,33,580236,5.7,3.9,8,196,0.005687341012967138,1
District of Columbia,2010,36,601723,6,4.2,8.3,210,0.005982819337136855,1
District of Columbia,2011,57,617996,9.2,7,11.9,219,0.009223360669001094,1
District of Columbia,2012,45,632323,7.1,5.2,9.5,217,0.007116616033261482,1
District of Columbia,2013,60,646449,9.3,7.1,11.9,207,0.009281474640690913,1
District of Columbia,2014,65,658893,9.9,7.6,12.6,196,0.009865031196264038,1
Florida,1999,417,15759421,2.6,2.4,2.9,116,0.0026460362979071374,0
Florida,2000,571,15982378,3.6,3.3,3.9,126,0.0035726848657940636,1
Florida,2001,890,16356966,5.4,5.1,5.8,138,0.005441106865417462,1
Florida,2002,1001,16689370,6,5.6,6.4,142,0.00599782975630596,1
Florida,2003,1080,17004085,6.4,6,6.7,149,0.006351414968814846,1
Florida,2004,1258,17415318,7.2,6.8,7.6,155,0.007223525863840098,1
Florida,2005,1151,17842038,6.5,6.1,6.8,163,0.006451056768290707,1
Florida,2006,1323,18166990,7.3,6.9,7.7,174,0.007282439193284083,1
Florida,2007,1519,18367842,8.3,7.9,8.7,184,0.008269888210057556,1
Florida,2008,1523,18527305,8.2,7.8,8.6,196,0.008220299714394511,1
Florida,2009,1654,18652644,8.9,8.4,9.3,202,0.00886737558493048,1
Florida,2010,1739,18801310,9.2,8.8,9.7,210,0.009249355497037174,1
Florida,2011,1637,19057542,8.6,8.2,9,219,0.00858977511370564,1
Florida,2012,1383,19317568,7.2,6.8,7.5,217,0.0071592863035346895,1
Florida,2013,1327,19552860,6.8,6.4,7.2,207,0.00678673094370849,1
Florida,2014,1446,19893297,7.3,6.9,7.6,196,0.007268780031786585,1
Georgia,1999,85,8045965,1.1,0.8,1.3,116,0.0010564301485278646,0
Georgia,2000,134,8186453,1.6,1.4,1.9,126,0.0016368505383222746,0
Georgia,2001,199,8377038,2.4,2,2.7,138,0.0023755413309573146,0
Georgia,2002,223,8508256,2.6,2.3,3,142,0.002620983665747716,0
Georgia,2003,248,8622793,2.9,2.5,3.2,149,0.0028760982665361444,0
Georgia,2004,269,8769252,3.1,2.7,3.4,155,0.003067536432981969,1
Georgia,2005,312,8925922,3.5,3.1,3.9,163,0.0034954372220595254,1
Georgia,2006,344,9155813,3.8,3.4,4.2,174,0.00375717590562411,1
Georgia,2007,404,9349988,4.3,3.9,4.7,184,0.0043208611604635214,1
Georgia,2008,417,9504843,4.4,4,4.8,196,0.004387237116909769,1
Georgia,2009,504,9620846,5.2,4.8,5.7,202,0.005238624545076389,1
Georgia,2010,550,9687653,5.7,5.2,6.2,210,0.005677329689657546,1
Georgia,2011,549,9815210,5.6,5.1,6.1,219,0.0055933596937813865,1
Georgia,2012,551,9919945,5.6,5.1,6,217,0.005554466279802962,1
Georgia,2013,539,9992167,5.4,4.9,5.8,207,0.005394225296674885,1
Georgia,2014,724,10097343,7.2,6.6,7.7,196,0.007170203092041144,1
Hawaii,1999,34,1210300,2.8,1.9,3.9,116,0.0028092208543336362,0
Hawaii,2000,31,1211537,2.6,1.7,3.6,126,0.0025587332454559786,0
Hawaii,2001,39,1225948,3.2,2.3,4.3,138,0.003181211601144584,1
Hawaii,2002,48,1239613,3.9,2.9,5.1,142,0.003872176235647738,1
Hawaii,2003,47,1251154,3.8,2.8,5,149,0.0037565319696855866,1
Hawaii,2004,64,1273569,5,3.9,6.4,155,0.005025247944948409,1
Hawaii,2005,75,1292729,5.8,4.6,7.3,163,0.0058016800118199565,1
Hawaii,2006,67,1309731,5.1,4,6.5,174,0.0051155542626692046,1
Hawaii,2007,82,1315675,6.2,5,7.7,184,0.006232542231174112,1
Hawaii,2008,58,1332213,4.4,3.3,5.6,196,0.004353658161270007,1
Hawaii,2009,59,1346717,4.4,3.3,5.7,202,0.0043810243726038955,1
Hawaii,2010,77,1360301,5.7,4.5,7.1,210,0.005660511901410055,1
Hawaii,2011,78,1374810,5.7,4.5,7.1,219,0.00567351124882711,1
Hawaii,2012,64,1392313,4.6,3.5,5.9,217,0.004596667559665104,1
Hawaii,2013,70,1404054,5,3.9,6.3,207,0.004985563233322935,1
Hawaii,2014,62,1419561,4.4,3.3,5.6,196,0.004367547431917333,1
Idaho,1999,32,1275674,2.5,1.7,3.5,116,0.0025084778713056785,0
Idaho,2000,29,1293953,2.2,1.5,3.2,126,0.002241194231938873,0
Idaho,2001,51,1319962,3.9,2.9,5.1,138,0.0038637475927337304,1
Idaho,2002,45,1340372,3.4,2.4,4.5,142,0.0033572769350598193,1
Idaho,2003,55,1363380,4,3,5.3,149,0.004034091742580939,1
Idaho,2004,48,1391802,3.4,2.5,4.6,155,0.003448766419361375,1
Idaho,2005,52,1428241,3.6,2.7,4.8,163,0.003640842126783925,1
Idaho,2006,71,1468669,4.8,3.8,6.1,174,0.004834309160198793,1
Idaho,2007,64,1505105,4.3,3.3,5.4,184,0.0042521950295826534,1
Idaho,2008,75,1534320,4.9,3.8,6.1,196,0.0048881589238229314,1
Idaho,2009,66,1554439,4.2,3.3,5.4,202,0.004245904792661533,1
Idaho,2010,81,1567582,5.2,4.1,6.4,210,0.005167193805491515,1
Idaho,2011,80,1584985,5,4,6.3,219,0.005047366378861629,1
Idaho,2012,61,1595728,3.8,2.9,4.9,217,0.003822706626693271,1
Idaho,2013,81,1612136,5,4,6.2,207,0.005024390001836074,1
Idaho,2014,80,1634464,4.9,3.9,6.1,196,0.004894570941911232,1
Illinois,1999,544,12359020,4.4,4,4.8,116,0.004401643496005347,1
Illinois,2000,629,12419293,5.1,4.7,5.5,126,0.005064700542937508,1
Illinois,2001,583,12488445,4.7,4.3,5,138,0.004668315390747206,1
Illinois,2002,612,12525556,4.9,4.5,5.3,142,0.004886010648948438,1
Illinois,2003,504,12556006,4,3.7,4.4,149,0.004014015284796774,1
Illinois,2004,575,12589773,4.6,4.2,4.9,155,0.004567199106767056,1
Illinois,2005,647,12609903,5.1,4.7,5.5,163,0.005130888001279629,1
Illinois,2006,929,12643955,7.3,6.9,7.8,174,0.007347384580220351,1
Illinois,2007,739,12695866,5.8,5.4,6.2,184,0.005820792374462679,1
Illinois,2008,895,12747038,7,6.6,7.5,196,0.0070212389733207035,1
Illinois,2009,933,12796778,7.3,6.8,7.8,202,0.007290897755669435,1
Illinois,2010,921,12830632,7.2,6.7,7.6,210,0.007178134327288008,1
Illinois,2011,955,12869257,7.4,7,7.9,219,0.007420785830914713,1
Illinois,2012,1204,12875255,9.4,8.8,9.9,217,0.009351271101038387,1
Illinois,2013,1139,12882135,8.8,8.3,9.4,207,0.008841702093635875,1
Illinois,2014,1263,12880580,9.8,9.3,10.3,196,0.009805459070942458,1
Indiana,1999,49,6044969,0.8,0.6,1.1,116,0.0008105914190792377,0
Indiana,2000,47,6080485,0.8,0.6,1,126,0.0007729646566022283,0
Indiana,2001,79,6127760,1.3,1,1.6,138,0.001289214982310012,0
Indiana,2002,74,6155967,1.2,0.9,1.5,142,0.0012020857161839885,0
Indiana,2003,140,6196638,2.3,1.9,2.6,149,0.0022592896341532293,0
Indiana,2004,150,6233007,2.4,2,2.8,155,0.002406543101908918,0
Indiana,2005,169,6278616,2.7,2.3,3.1,163,0.0026916759999337436,0
Indiana,2006,188,6332669,3,2.5,3.4,174,0.002968732457041415,0
Indiana,2007,251,6379599,3.9,3.4,4.4,184,0.003934416567561692,1
Indiana,2008,324,6424806,5,4.5,5.6,196,0.005042953826154439,1
Indiana,2009,339,6459325,5.2,4.7,5.8,202,0.005248226401365468,1
Indiana,2010,300,6483802,4.6,4.1,5.2,210,0.004626914887283726,1
Indiana,2011,375,6516922,5.8,5.2,6.3,219,0.005754250242675914,1
Indiana,2012,397,6537334,6.1,5.5,6.7,217,0.00607281194444096,1
Indiana,2013,387,6570902,5.9,5.3,6.5,207,0.005889602371181309,1
Indiana,2014,489,6596855,7.4,6.8,8.1,196,0.007412623136327841,1
Iowa,2001,29,2931997,1,0.7,1.4,138,0.000989086960184475,0
Iowa,2002,41,2934234,1.4,1,1.9,142,0.0013972982386544497,0
Iowa,2003,43,2941999,1.5,1.1,2,149,0.001461591251390636,0
Iowa,2004,65,2953635,2.2,1.7,2.8,155,0.0022006781474352786,0
Iowa,2005,74,2964454,2.5,2,3.1,163,0.002496243827699806,0
Iowa,2006,101,2982644,3.4,2.7,4,174,0.0033862572938641016,1
Iowa,2007,112,2999212,3.7,3,4.4,184,0.003734314213200001,1
Iowa,2008,138,3016734,4.6,3.8,5.3,196,0.004574483530864836,1
Iowa,2009,148,3032870,4.9,4.1,5.7,202,0.0048798662652866755,1
Iowa,2010,163,3046355,5.4,4.5,6.2,210,0.005350656768498747,1
Iowa,2011,183,3062309,6,5.1,6.8,219,0.005975882904043974,1
Iowa,2012,185,3074186,6,5.2,6.9,217,0.006017853181297423,1
Iowa,2013,190,3090416,6.1,5.3,7,207,0.006148039616672965,1
Iowa,2014,170,3107126,5.5,4.6,6.3,196,0.00547129405115853,1
Kansas,1999,26,2678338,1,0.6,1.4,116,0.0009707512644035219,0
Kansas,2000,23,2688418,0.9,0.5,1.3,126,0.0008555217231844155,0
Kansas,2001,47,2702162,1.7,1.3,2.3,138,0.0017393479739556696,0
Kansas,2002,87,2713535,3.2,2.6,4,142,0.003206149911462354,1
Kansas,2003,78,2723004,2.9,2.3,3.6,149,0.002864483489557856,0
Kansas,2004,118,2734373,4.3,3.5,5.1,155,0.004315431727858635,1
Kansas,2005,112,2745299,4.1,3.3,4.8,163,0.004079701336721428,1
Kansas,2006,127,2762931,4.6,3.8,5.4,174,0.004596567920081971,1
Kansas,2007,128,2783785,4.6,3.8,5.4,184,0.0045980562435676605,1
Kansas,2008,103,2808076,3.7,3,4.4,196,0.0036679918919573402,1
Kansas,2009,160,2832704,5.6,4.8,6.5,202,0.005648313413614695,1
Kansas,2010,111,2853118,3.9,3.2,4.6,210,0.003890480519908395,1
Kansas,2011,131,2871238,4.6,3.8,5.3,219,0.004562491858912427,1
Kansas,2012,184,2885905,6.4,5.5,7.3,217,0.0063758162517477185,1
Kansas,2013,171,2893957,5.9,5,6.8,207,0.0059088645753893375,1
Kansas,2014,188,2904021,6.5,5.5,7.4,196,0.006473782386559876,1
Kentucky,1999,56,4018053,1.4,1.1,1.8,116,0.0013937098390688226,0
Kentucky,2000,94,4041769,2.3,1.9,2.8,126,0.0023257143097490233,0
Kentucky,2001,149,4068132,3.7,3.1,4.3,138,0.003662614684085964,1
Kentucky,2002,185,4089875,4.5,3.9,5.2,142,0.00452336562853388,1
Kentucky,2003,242,4117170,5.9,5.1,6.6,149,0.005877823845019759,1
Kentucky,2004,237,4146101,5.7,5,6.4,155,0.005716213859720253,1
Kentucky,2005,294,4182742,7,6.2,7.8,163,0.00702888201089142,1
Kentucky,2006,343,4219239,8.1,7.3,9,174,0.008129428079328998,1
Kentucky,2007,356,4256672,8.4,7.5,9.2,184,0.008363341126589036,1
Kentucky,2008,377,4289878,8.8,7.9,9.7,196,0.008788128706690494,1
Kentucky,2009,455,4317074,10.5,9.6,11.5,202,0.010539545998053311,2
Kentucky,2010,624,4339367,14.4,13.3,15.5,210,0.014379977540503026,2
Kentucky,2011,707,4369356,16.2,15,17.4,219,0.016180874252406992,2
Kentucky,2012,713,4380415,16.3,15.1,17.5,217,0.016276996585939917,2
Kentucky,2013,689,4395295,15.7,14.5,16.8,207,0.015675853384130075,2
Kentucky,2014,762,4413457,17.3,16,18.5,196,0.017265377231499027,2
Louisiana,1999,30,4460811,0.7,0.5,1,116,0.0006725234492113653,0
Louisiana,2000,53,4468976,1.2,0.9,1.6,126,0.0011859540082560299,0
Louisiana,2001,87,4477875,1.9,1.6,2.4,138,0.001942885855455992,0
Louisiana,2002,105,4497267,2.3,1.9,2.8,142,0.0023347513056262838,0
Louisiana,2003,131,4521042,2.9,2.4,3.4,149,0.002897562110681564,0
Louisiana,2004,158,4552238,3.5,2.9,4,155,0.0034708202866370343,1
Louisiana,2005,185,4576628,4,3.5,4.6,163,0.004042277414725427,1
Louisiana,2006,203,4302665,4.7,4.1,5.4,174,0.004718006165945989,1
Louisiana,2007,228,4375581,5.2,4.5,5.9,184,0.005210736585610002,1
Louisiana,2008,141,4435586,3.2,2.7,3.7,196,0.0031788358967676424,1
Louisiana,2009,131,4491648,2.9,2.4,3.4,202,0.002916524179989171,0
Louisiana,2010,130,4533372,2.9,2.4,3.4,210,0.0028676225996895907,0
Louisiana,2011,121,4574836,2.6,2.2,3.1,219,0.0026449035550126826,0
Louisiana,2012,180,4601893,3.9,3.3,4.5,217,0.0039114338382052775,1
Louisiana,2013,270,4625470,5.8,5.1,6.5,207,0.005837244647570949,1
Louisiana,2014,266,4649676,5.7,5,6.4,196,0.0057208287201086705,1
Maine,1999,32,1266808,2.5,1.7,3.6,116,0.002526033937265947,0
Maine,2000,42,1274923,3.3,2.4,4.5,126,0.003294316597943562,1
Maine,2001,61,1285692,4.7,3.6,6.1,138,0.004744526682906949,1
Maine,2002,100,1295960,7.7,6.2,9.2,142,0.007716287539738881,1
Maine,2003,92,1306513,7,5.7,8.6,149,0.007041644438287258,1
Maine,2004,105,1313688,8,6.5,9.5,155,0.007992765405484407,1
Maine,2005,124,1318787,9.4,7.7,11.1,163,0.009402579794917602,1
Maine,2006,97,1323619,7.3,5.9,8.9,174,0.007328392838120336,1
Maine,2007,108,1327040,8.1,6.6,9.7,184,0.008138413310827104,1
Maine,2008,108,1330509,8.1,6.6,9.6,196,0.0081171942467131,1
Maine,2009,119,1329590,9,7.3,10.6,202,0.008950127482908266,1
Maine,2010,91,1328361,6.9,5.5,8.4,210,0.006850547403906017,1
Maine,2011,95,1328188,7.2,5.8,8.7,219,0.007152601890696197,1
Maine,2012,107,1329192,8.1,6.5,9.6,217,0.008050003310281736,1
Maine,2013,134,1328302,10.1,8.4,11.8,207,0.010088067322039717,2
Maine,2014,174,1330089,13.1,11.1,15,196,0.013081831366171736,2
Maryland,1999,503,5254509,9.6,8.7,10.4,116,0.009572730772751555,1
Maryland,2000,497,5296486,9.4,8.6,10.2,126,0.009383579981142214,1
Maryland,2001,500,5374691,9.3,8.5,10.1,138,0.009302860387694846,1
Maryland,2002,562,5440389,10.3,9.5,11.2,142,0.01033014367171171,2
Maryland,2003,568,5496269,10.3,9.5,11.2,149,0.010334283129155433,2
Maryland,2004,493,5546935,8.9,8.1,9.7,155,0.008887791185582668,1
Maryland,2005,507,5592379,9.1,8.3,9.9,163,0.009065909159590222,1
Maryland,2006,584,5627367,10.4,9.5,11.2,174,0.010377855220745334,2
Maryland,2007,620,5653408,11,10.1,11.8,184,0.010966836287067907,2
Maryland,2008,533,5684965,9.4,8.6,10.2,196,0.009375607413590057,1
Maryland,2009,594,5730388,10.4,9.5,11.2,202,0.010365790239683596,2
Maryland,2010,522,5773552,9,8.3,9.8,210,0.009041227999678535,1
Maryland,2011,562,5828289,9.6,8.8,10.4,219,0.009642624104604284,1
Maryland,2012,667,5884563,11.3,10.5,12.2,217,0.011334741424299476,2
Maryland,2013,759,5928814,12.8,11.9,13.7,207,0.012801885840911858,2
Maryland,2014,932,5976407,15.6,14.6,16.6,196,0.015594654112412358,2
Massachusetts,1999,346,6317345,5.5,4.9,6.1,116,0.005476984397717712,1
Massachusetts,2000,319,6349097,5,4.5,5.6,126,0.005024336531635916,1
Massachusetts,2001,519,6397634,8.1,7.4,8.8,138,0.008112374043279125,1
Massachusetts,2002,491,6417206,7.7,7,8.3,142,0.007651304944862296,1
Massachusetts,2003,595,6422565,9.3,8.5,10,149,0.00926421141708959,1
Massachusetts,2004,467,6412281,7.3,6.6,7.9,155,0.00728289979805938,1
Massachusetts,2005,579,6403290,9,8.3,9.8,163,0.009042226730321444,1
Massachusetts,2006,670,6410084,10.5,9.7,11.2,174,0.010452281124553126,2
Massachusetts,2007,660,6431559,10.3,9.5,11,184,0.010261897620779037,2
Massachusetts,2008,612,6468967,9.5,8.7,10.2,196,0.009460552202538674,1
Massachusetts,2009,636,6517613,9.8,9,10.5,202,0.009758173736304995,1
Massachusetts,2010,577,6547629,8.8,8.1,9.5,210,0.00881235024159127,1
Massachusetts,2011,669,6587536,10.2,9.4,10.9,219,0.010155542223981774,2
Massachusetts,2012,712,6646144,10.7,9.9,11.5,217,0.010712978834042717,2
Massachusetts,2013,910,6692824,13.6,12.7,14.5,207,0.013596652175524112,2
Massachusetts,2014,1161,6745408,17.2,16.2,18.2,196,0.017211709061927757,2
Michigan,1999,140,9897116,1.4,1.2,1.6,116,0.0014145534921486218,0
Michigan,2000,196,9938444,2,1.7,2.2,126,0.001972139703156752,0
Michigan,2001,211,9991120,2.1,1.8,2.4,138,0.0021118753453066323,0
Michigan,2002,248,10015710,2.5,2.2,2.8,142,0.0024761100311410772,0
Michigan,2003,278,10041152,2.8,2.4,3.1,149,0.0027686066299962395,0
Michigan,2004,390,10055315,3.9,3.5,4.3,155,0.003878545823775784,1
Michigan,2005,527,10051137,5.2,4.8,5.7,163,0.005243187909984711,1
Michigan,2006,641,10036081,6.4,5.9,6.9,174,0.0063869552268460165,1
Michigan,2007,523,10001284,5.2,4.8,5.7,184,0.0052293285542136395,1
Michigan,2008,656,9946889,6.6,6.1,7.1,196,0.006595026847087566,1
Michigan,2009,747,9901591,7.5,7,8.1,202,0.007544242132400742,1
Michigan,2010,725,9883640,7.3,6.8,7.9,210,0.007335354181253061,1
Michigan,2011,756,9876187,7.7,7.1,8.2,219,0.007654776079067762,1
Michigan,2012,700,9883360,7.1,6.6,7.6,217,0.007082611581486458,1
Michigan,2013,934,9895622,9.4,8.8,10,207,0.009438517356463292,1
Michigan,2014,1076,9909877,10.9,10.2,11.5,196,0.010857854239765034,2
Minnesota,1999,67,4873481,1.4,1.1,1.7,116,0.0013747873439949802,0
Minnesota,2000,69,4919479,1.4,1.1,1.8,126,0.0014025875504296288,0
Minnesota,2001,112,4982796,2.2,1.8,2.7,138,0.002247734003158066,0
Minnesota,2002,112,5018935,2.2,1.8,2.6,142,0.0022315491234694215,0
Minnesota,2003,122,5053572,2.4,2,2.8,149,0.0024141340026420915,0
Minnesota,2004,149,5087713,2.9,2.5,3.4,155,0.0029286243150901006,0
Minnesota,2005,162,5119598,3.2,2.7,3.7,163,0.003164310947851765,1
Minnesota,2006,188,5163555,3.6,3.1,4.2,174,0.0036409024402761277,1
Minnesota,2007,185,5207203,3.6,3,4.1,184,0.003552771036581443,1
Minnesota,2008,234,5247018,4.5,3.9,5,196,0.0044596759530842085,1
Minnesota,2009,278,5281203,5.3,4.6,5.9,202,0.0052639521715033485,1
Minnesota,2010,242,5303925,4.6,4,5.1,210,0.004562658785710582,1
Minnesota,2011,295,5344861,5.5,4.9,6.1,219,0.00551932033405546,1
Minnesota,2012,298,5379139,5.5,4.9,6.2,217,0.0055399200504021185,1
Minnesota,2013,314,5420380,5.8,5.2,6.4,207,0.0057929517856681635,1
Minnesota,2014,331,5457173,6.1,5.4,6.7,196,0.006065411523512265,1
Mississippi,2001,26,2852994,0.9,0.6,1.3,138,0.0009113233326112848,0
Mississippi,2002,27,2858681,0.9,0.6,1.4,142,0.0009444915329832184,0
Mississippi,2003,31,2868312,1.1,0.7,1.5,149,0.001080775034236164,0
Mississippi,2004,28,2889010,1,0.6,1.4,155,0.0009691901377980693,0
Mississippi,2005,44,2905943,1.5,1.1,2,163,0.0015141384397422799,0
Mississippi,2006,69,2904978,2.4,1.8,3,174,0.0023752331342956814,0
Mississippi,2007,98,2928350,3.3,2.7,4.1,184,0.0033465944986084315,1
Mississippi,2008,106,2947806,3.6,2.9,4.3,196,0.0035958947094890236,1
Mississippi,2009,98,2958774,3.3,2.7,4,202,0.0033121826810699295,1
Mississippi,2010,105,2967297,3.5,2.9,4.2,210,0.0035385739951208123,1
Mississippi,2011,84,2978512,2.8,2.2,3.5,219,0.002820200153633761,0
Mississippi,2012,112,2984926,3.8,3.1,4.4,217,0.0037521868213818365,1
Mississippi,2013,103,2991207,3.4,2.8,4.1,207,0.0034434260149832493,1
Mississippi,2014,117,2994079,3.9,3.2,4.6,196,0.003907712521947483,1
Missouri,1999,106,5561948,1.9,1.5,2.3,116,0.0019058071021160212,0
Missouri,2000,138,5595211,2.5,2.1,2.9,126,0.002466394922372007,0
Missouri,2001,137,5641142,2.4,2,2.8,138,0.002428586268525061,0
Missouri,2002,198,5674825,3.5,3,4,142,0.0034890943773596547,1
Missouri,2003,277,5709403,4.9,4.3,5.4,149,0.004851645609882505,1
Missouri,2004,284,5747741,4.9,4.4,5.5,155,0.004941071631446163,1
Missouri,2005,306,5790300,5.3,4.7,5.9,163,0.005284700274597171,1
Missouri,2006,418,5842704,7.2,6.5,7.8,174,0.007154221743904877,1
Missouri,2007,406,5887612,6.9,6.2,7.6,184,0.006895834847812662,1
Missouri,2008,490,5923916,8.3,7.5,9,196,0.008271555504838353,1
Missouri,2009,548,5961088,9.2,8.4,10,202,0.009192952695883704,1
Missouri,2010,612,5988927,10.2,9.4,11,210,0.010218858904107531,2
Missouri,2011,614,6010688,10.2,9.4,11,219,0.010215136769700907,2
Missouri,2012,556,6021988,9.2,8.5,10,217,0.009232831417133346,1
Missouri,2013,644,6044171,10.7,9.8,11.5,207,0.010654893781132269,2
Missouri,2014,726,6063589,12,11.1,12.8,196,0.01197310701632317,2
Montana,2001,21,906961,2.3,1.4,3.5,138,0.002315424808784501,0
Montana,2002,21,911667,2.3,1.4,3.5,142,0.0023034726495529617,0
Montana,2003,46,919630,5,3.7,6.7,149,0.0050020116786098755,1
Montana,2004,46,930009,4.9,3.6,6.6,155,0.004946188692797597,1
Montana,2005,47,940102,5,3.7,6.6,163,0.0049994575056749166,1
Montana,2006,52,952692,5.5,4.1,7.2,174,0.005458217346214726,1
Montana,2007,62,964706,6.4,4.9,8.2,184,0.006426828484533112,1
Montana,2008,70,976415,7.2,5.6,9.1,196,0.007169082818268871,1
Montana,2009,94,983982,9.6,7.7,11.7,202,0.009553020278826239,1
Montana,2010,55,989415,5.6,4.2,7.2,210,0.005558840324838415,1
Montana,2011,63,998199,6.3,4.8,8.1,219,0.006311366771555572,1
Montana,2012,53,1005141,5.3,3.9,6.9,217,0.005272892061909722,1
Montana,2013,68,1015165,6.7,5.2,8.5,207,0.006698418483694769,1
Montana,2014,54,1023579,5.3,4,6.9,196,0.00527560647492768,1
Nebraska,2001,32,1719836,1.9,1.3,2.6,138,0.0018606425263804223,0
Nebraska,2002,25,1728292,1.4,0.9,2.1,142,0.0014465148250411388,0
Nebraska,2004,26,1749370,1.5,1,2.2,155,0.0014862493354750568,0
Nebraska,2005,43,1761497,2.4,1.8,3.3,163,0.0024411054915222676,0
Nebraska,2006,34,1772693,1.9,1.3,2.7,174,0.0019179857990074987,0
Nebraska,2007,41,1783440,2.3,1.6,3.1,184,0.002298927914592024,0
Nebraska,2008,30,1796378,1.7,1.1,2.4,196,0.0016700271323741441,0
Nebraska,2009,68,1812683,3.8,2.9,4.8,202,0.0037513453814042503,1
Nebraska,2010,61,1826341,3.3,2.6,4.3,210,0.0033400115312529257,1
Nebraska,2011,54,1842641,2.9,2.2,3.8,219,0.0029305762761167257,0
Nebraska,2012,60,1855525,3.2,2.5,4.2,217,0.003233586181808383,1
Nebraska,2013,42,1868516,2.2,1.6,3,207,0.0022477730990796974,0
Nebraska,2014,60,1881503,3.2,2.4,4.1,196,0.003188939906021941,1
Nevada,1999,166,1934718,8.6,7.3,9.9,116,0.008580061797119787,1
Nevada,2000,203,1998257,10.2,8.8,11.6,126,0.010158853440773634,2
Nevada,2001,205,2098399,9.8,8.4,11.1,138,0.009769352730343467,1
Nevada,2002,270,2173791,12.4,10.9,13.9,142,0.012420697297946306,2
Nevada,2003,287,2248850,12.8,11.3,14.2,149,0.01276207839562443,2
Nevada,2004,330,2346222,14.1,12.5,15.6,155,0.014065165188971888,2
Nevada,2005,365,2432143,15,13.5,16.5,163,0.015007341262417546,2
Nevada,2006,378,2522658,15,13.5,16.5,174,0.014984195241685556,2
Nevada,2007,414,2601072,15.9,14.4,17.4,184,0.015916514421746113,2
Nevada,2008,437,2653630,16.5,14.9,18,196,0.016468007973982807,2
Nevada,2009,498,2684665,18.5,16.9,20.2,202,0.018549800440650882,2
Nevada,2010,520,2700551,19.3,17.6,20.9,210,0.019255329745670423,2
Nevada,2011,532,2723322,19.5,17.9,21.2,219,0.01953496501699028,2
Nevada,2012,493,2758931,17.9,16.3,19.4,217,0.01786923993387294,2
Nevada,2013,443,2790136,15.9,14.4,17.4,207,0.015877362250442274,2
Nevada,2014,413,2839099,14.5,13.1,15.9,196,0.014546868566400821,2
New Hampshire,1999,41,1222014,3.4,2.4,4.6,116,0.0033551170444855783,1
New Hampshire,2000,29,1235786,2.3,1.6,3.4,126,0.00234668462015268,0
New Hampshire,2001,53,1255517,4.2,3.2,5.5,138,0.004221368567689645,1
New Hampshire,2002,83,1269089,6.5,5.2,8.1,142,0.006540124451476611,1
New Hampshire,2003,99,1279840,7.7,6.3,9.4,149,0.007735341917739717,1
New Hampshire,2004,92,1290121,7.1,5.7,8.7,155,0.007131114058293757,1
New Hampshire,2005,111,1298492,8.5,7,10.1,163,0.008548377656543128,1
New Hampshire,2006,108,1308389,8.3,6.7,9.8,174,0.008254425862644825,1
New Hampshire,2007,148,1312540,11.3,9.5,13.1,184,0.011275846831334665,2
New Hampshire,2008,94,1315906,7.1,5.8,8.7,196,0.007143367383384528,1
New Hampshire,2009,127,1316102,9.6,8,11.3,202,0.009649708001355518,1
New Hampshire,2010,119,1316470,9,7.4,10.7,210,0.009039324861181797,1
New Hampshire,2011,158,1318194,12,10.1,13.9,219,0.01198609612849095,2
New Hampshire,2012,134,1320718,10.1,8.4,11.9,217,0.01014599634441266,2
New Hampshire,2013,161,1323459,12.2,10.3,14,207,0.012165091627319017,2
New Hampshire,2014,302,1326813,22.8,20.2,25.3,196,0.022761308488837537,2
New Jersey,1999,344,8359592,4.1,3.7,4.5,116,0.004115033365264716,1
New Jersey,2000,363,8414350,4.3,3.9,4.8,126,0.004314058721113336,1
New Jersey,2001,419,8492671,4.9,4.5,5.4,138,0.004933665745440981,1
New Jersey,2002,505,8552643,5.9,5.4,6.4,142,0.005904607499693369,1
New Jersey,2003,466,8601402,5.4,4.9,5.9,149,0.005417721436575107,1
New Jersey,2004,326,8634561,3.8,3.4,4.2,155,0.0037755248935064565,1
New Jersey,2005,454,8651974,5.2,4.8,5.7,163,0.005247357423866507,1
New Jersey,2006,377,8661679,4.4,3.9,4.8,174,0.0043525048665507,1
New Jersey,2007,348,8677885,4,3.6,4.4,184,0.004010193728080056,1
New Jersey,2008,347,8711090,4,3.6,4.4,196,0.003983428021062806,1
New Jersey,2009,57,8755602,0.7,0.5,0.8,202,0.0006510117750898225,0
New Jersey,2010,384,8791894,4.4,3.9,4.8,210,0.004367659573693677,1
New Jersey,2011,478,8821155,5.4,4.9,5.9,219,0.005418791530134093,1
New Jersey,2012,625,8864590,7.1,6.5,7.6,217,0.0070505234872678835,1
New Jersey,2013,711,8899339,8,7.4,8.6,207,0.007989357411825755,1
New Jersey,2014,757,8938175,8.5,7.9,9.1,196,0.008469290431212188,1
New Mexico,1999,187,1808082,10.3,8.9,11.8,116,0.01034245128262988,2
New Mexico,2000,190,1819046,10.4,9,11.9,126,0.010445035474638905,2
New Mexico,2001,155,1831690,8.5,7.1,9.8,138,0.008462130600702085,1
New Mexico,2002,205,1855309,11,9.5,12.6,142,0.011049372368699769,2
New Mexico,2003,228,1877574,12.1,10.6,13.7,149,0.012143329637074225,2
New Mexico,2004,192,1903808,10.1,8.7,11.5,155,0.010085050593337143,2
New Mexico,2005,219,1932274,11.3,9.8,12.8,163,0.011333796345652843,2
New Mexico,2006,252,1962137,12.8,11.3,14.4,174,0.012843139903075066,2
New Mexico,2007,272,1990070,13.7,12,15.3,184,0.013667860929515043,2
New Mexico,2008,330,2010662,16.4,14.6,18.2,196,0.016412504936185197,2
New Mexico,2009,212,2036802,10.4,9,11.8,202,0.01040847367588995,2
New Mexico,2010,201,2059179,9.8,8.4,11.1,210,0.009761171806822039,1
New Mexico,2011,254,2082224,12.2,10.7,13.7,219,0.012198495454859803,2
New Mexico,2012,339,2085538,16.3,14.5,18,217,0.016254798522012066,2
New Mexico,2013,350,2085287,16.8,15,18.5,207,0.016784260391974823,2
New Mexico,2014,416,2085572,19.9,18,21.9,196,0.019946566217804995,2
New York,1999,664,18882725,3.5,3.2,3.8,116,0.0035164416152859293,1
New York,2000,521,18976457,2.7,2.5,3,126,0.002745507235623594,0
New York,2001,654,19082838,3.4,3.2,3.7,138,0.003427163192393081,1
New York,2002,586,19137800,3.1,2.8,3.3,142,0.0030620029470472053,1
New York,2003,614,19175939,3.2,2.9,3.5,149,0.003201929251026508,1
New York,2004,514,19171567,2.7,2.4,2.9,155,0.0026810536666095164,0
New York,2005,580,19132610,3,2.8,3.3,163,0.0030314734895030004,1
New York,2006,1056,19104631,5.5,5.2,5.9,174,0.005527455620577022,1
New York,2007,1064,19132335,5.6,5.2,5.9,184,0.005561265783815723,1
New York,2008,1169,19212436,6.1,5.7,6.4,196,0.0060846006201399966,1
New York,2009,1107,19307066,5.7,5.4,6.1,202,0.0057336521250820815,1
New York,2010,1115,19378102,5.8,5.4,6.1,210,0.005753917488926418,1
New York,2011,1417,19465197,7.3,6.9,7.7,219,0.007279659178378724,1
New York,2012,1576,19570261,8.1,7.7,8.5,217,0.00805303516391529,1
New York,2013,1732,19651127,8.8,8.4,9.2,207,0.008813743863138232,1
New York,2014,1787,19746227,9,8.6,9.5,196,0.009049830127041485,1
North Carolina,1999,161,7949361,2,1.7,2.3,116,0.0020253200225779154,0
North Carolina,2000,292,8049313,3.6,3.2,4,126,0.0036276387810984614,1
North Carolina,2001,342,8210122,4.2,3.7,4.6,138,0.004165589743977008,1
North Carolina,2002,412,8326201,4.9,4.5,5.4,142,0.004948235095453497,1
North Carolina,2003,506,8422501,6,5.5,6.5,149,0.006007716710274062,1
North Carolina,2004,576,8553152,6.7,6.2,7.3,155,0.006734359450176964,1
North Carolina,2005,659,8705407,7.6,7,8.1,163,0.0075700079272571635,1
North Carolina,2006,708,8917270,7.9,7.4,8.5,174,0.007939649690992872,1
North Carolina,2007,758,9118037,8.3,7.7,8.9,184,0.008313192850610279,1
North Carolina,2008,859,9309449,9.2,8.6,9.8,196,0.00922718412228264,1
North Carolina,2009,864,9449566,9.1,8.5,9.8,202,0.009143277056321952,1
North Carolina,2010,787,9535483,8.3,7.7,8.8,210,0.008253383703793506,1
North Carolina,2011,829,9656401,8.6,8,9.2,219,0.00858497902065169,1
North Carolina,2012,841,9752073,8.6,8,9.2,217,0.008623807471498624,1
North Carolina,2013,840,9848060,8.5,8,9.1,207,0.00852959872299722,1
North Carolina,2014,979,9943964,9.8,9.2,10.5,196,0.009845168385565354,1
North Dakota,2008,32,657569,4.9,3.3,6.9,196,0.004866409456650176,1
North Dakota,2014,34,739482,4.6,3.2,6.4,196,0.004597813063739212,1
Ohio,1999,180,11335454,1.6,1.4,1.8,116,0.001587938162864937,0
Ohio,2000,270,11353140,2.4,2.1,2.7,126,0.0023781966927211326,0
Ohio,2001,356,11387404,3.1,2.8,3.5,138,0.0031262612620049307,1
Ohio,2002,459,11407889,4,3.7,4.4,142,0.004023531435132302,1
Ohio,2003,398,11434788,3.5,3.1,3.8,149,0.003480606723972495,1
Ohio,2004,557,11452251,4.9,4.5,5.3,155,0.004863672652651431,1
Ohio,2005,591,11463320,5.2,4.7,5.6,163,0.0051555744758063115,1
Ohio,2006,675,11481213,5.9,5.4,6.3,174,0.0058791697358110155,1
Ohio,2007,755,11500468,6.6,6.1,7,184,0.0065649502263733965,1
Ohio,2008,863,11515391,7.5,7,8,196,0.007494317822121716,1
Ohio,2009,716,11528896,6.2,5.8,6.7,202,0.006210481905639534,1
Ohio,2010,1197,11536504,10.4,9.8,11,210,0.010375760282317762,2
Ohio,2011,1333,11544951,11.5,10.9,12.2,219,0.011546172868122179,2
Ohio,2012,1403,11544225,12.2,11.5,12.8,217,0.012153262778575435,2
Ohio,2013,1695,11570808,14.6,14,15.3,207,0.014648933765040435,2
Ohio,2014,2175,11594163,18.8,18,19.5,196,0.01875943955592137,2
Oklahoma,1999,91,3437147,2.6,2.1,3.3,116,0.00264754460603518,0
Oklahoma,2000,136,3450654,3.9,3.3,4.6,126,0.003941281855555498,1
Oklahoma,2001,170,3467100,4.9,4.2,5.6,138,0.004903233249689942,1
Oklahoma,2002,152,3489080,4.4,3.7,5,142,0.0043564492645625785,1
Oklahoma,2003,262,3504892,7.5,6.6,8.4,149,0.00747526599963708,1
Oklahoma,2004,325,3525233,9.2,8.2,10.2,155,0.009219248770223131,1
Oklahoma,2005,319,3548597,9,8,10,163,0.008989468232092852,1
Oklahoma,2006,394,3594090,11,9.9,12,174,0.010962441118614169,2
Oklahoma,2007,500,3634349,13.8,12.6,15,184,0.01375762206656543,2
Oklahoma,2008,416,3668976,11.3,10.2,12.4,196,0.011338313469480313,2
Oklahoma,2009,583,3717572,15.7,14.4,17,202,0.01568227864853727,2
Oklahoma,2010,523,3751351,13.9,12.7,15.1,210,0.013941643957070399,2
Oklahoma,2011,492,3791508,13,11.8,14.1,219,0.012976367186881842,2
Oklahoma,2012,538,3814820,14.1,12.9,15.3,217,0.014102893452377831,2
Oklahoma,2013,521,3850568,13.5,12.4,14.7,207,0.013530471348642591,2
Oklahoma,2014,504,3878051,13,11.9,14.1,196,0.012996218977006748,2
Oregon,1999,201,3393941,5.9,5.1,6.7,116,0.0059223186260456495,1
Oregon,2000,178,3421399,5.2,4.4,6,126,0.005202550184880512,1
Oregon,2001,198,3467937,5.7,4.9,6.5,138,0.0057094462788683875,1
Oregon,2002,247,3513424,7,6.2,7.9,142,0.007030179107332335,1
Oregon,2003,264,3547376,7.4,6.5,8.3,149,0.007442120598436704,1
Oregon,2004,274,3569463,7.7,6.8,8.6,155,0.007676224687018748,1
Oregon,2005,318,3613202,8.8,7.8,9.8,163,0.00880105789822988,1
Oregon,2006,396,3670883,10.8,9.7,11.9,174,0.010787595246157395,2
Oregon,2007,362,3722417,9.7,8.7,10.7,184,0.009724864248148448,1
Oregon,2008,348,3768748,9.2,8.3,10.2,196,0.009233835745982485,1
Oregon,2009,382,3808600,10,9,11,202,0.010029932258572703,2
Oregon,2010,337,3831074,8.8,7.9,9.7,210,0.00879648892190545,1
Oregon,2011,402,3871859,10.4,9.4,11.4,219,0.010382609490686515,2
Oregon,2012,369,3899353,9.5,8.5,10.4,217,0.009463108366952157,1
Oregon,2013,310,3930065,7.9,7,8.8,207,0.007887910250848269,1
Oregon,2014,347,3970239,8.7,7.8,9.7,196,0.008740027993276979,1
Pennsylvania,1999,328,12263805,2.7,2.4,3,116,0.0026745369809777634,0
Pennsylvania,2000,330,12281054,2.7,2.4,3,126,0.002687065784418829,0
Pennsylvania,2001,266,12298970,2.2,1.9,2.4,138,0.0021627827370909922,0
Pennsylvania,2002,357,12331031,2.9,2.6,3.2,142,0.0028951350458854574,0
Pennsylvania,2003,481,12374658,3.9,3.5,4.2,149,0.003886976108753874,1
Pennsylvania,2004,484,12410722,3.9,3.6,4.2,155,0.003899853691026195,1
Pennsylvania,2005,524,12449990,4.2,3.8,4.6,163,0.0042088387219588125,1
Pennsylvania,2006,429,12510809,3.4,3.1,3.8,174,0.0034290348449888416,1
Pennsylvania,2007,501,12563937,4,3.6,4.3,184,0.0039876035672576195,1
Pennsylvania,2008,620,12612285,4.9,4.5,5.3,196,0.004915841974709579,1
Pennsylvania,2009,654,12666858,5.2,4.8,5.6,202,0.005163079905056172,1
Pennsylvania,2010,640,12702379,5,4.6,5.4,210,0.005038426266449772,1
Pennsylvania,2011,770,12742886,6,5.6,6.5,219,0.006042587212975146,1
Pennsylvania,2012,840,12763536,6.6,6.1,7,217,0.006581248331183459,1
Pennsylvania,2013,970,12773801,7.6,7.1,8.1,207,0.007593667695308547,1
Pennsylvania,2014,1110,12787209,8.7,8.2,9.2,196,0.008680549445934606,1
Rhode Island,1999,36,1040402,3.5,2.4,4.8,116,0.0034602009607824667,1
Rhode Island,2000,61,1048319,5.8,4.5,7.5,126,0.0058188394944668565,1
Rhode Island,2001,86,1057142,8.1,6.5,10,138,0.008135141731195998,1
Rhode Island,2002,77,1065995,7.2,5.7,9,142,0.0072232984207243,1
Rhode Island,2003,108,1071342,10.1,8.2,12,149,0.010080814529814009,2
Rhode Island,2004,80,1074579,7.4,5.9,9.3,155,0.007444776047177547,1
Rhode Island,2005,122,1067916,11.4,9.4,13.5,163,0.011424119500035584,2
Rhode Island,2006,132,1063096,12.4,10.3,14.5,174,0.012416564449494683,2
Rhode Island,2007,89,1057315,8.4,6.8,10.4,184,0.008417548223566298,1
Rhode Island,2008,133,1055003,12.6,10.5,14.7,196,0.012606599222940598,2
Rhode Island,2009,117,1053646,11.1,9.1,13.1,202,0.011104298787258719,2
Rhode Island,2010,112,1052567,10.6,8.7,12.6,210,0.010640652804049527,2
Rhode Island,2011,145,1051302,13.8,11.5,16,219,0.013792421207226848,2
Rhode Island,2012,143,1050292,13.6,11.4,15.8,217,0.013615261279720308,2
Rhode Island,2013,195,1051511,18.5,15.9,21.1,207,0.018544741804888392,2
Rhode Island,2014,211,1055173,20,17.3,22.7,196,0.019996720916854394,2
South Carolina,1999,50,3974682,1.3,0.9,1.7,116,0.001257962272201902,0
South Carolina,2000,90,4012012,2.2,1.8,2.8,126,0.00224326347977025,0
South Carolina,2001,89,4064995,2.2,1.8,2.7,138,0.0021894245872381146,0
South Carolina,2002,85,4107795,2.1,1.7,2.6,142,0.0020692366585966437,0
South Carolina,2003,95,4150297,2.3,1.9,2.8,149,0.002288992811839731,0
South Carolina,2004,134,4210921,3.2,2.6,3.7,155,0.003182201708367362,1
South Carolina,2005,154,4270150,3.6,3,4.2,163,0.0036064306874465765,1
South Carolina,2006,234,4357847,5.4,4.7,6.1,174,0.005369624036823689,1
South Carolina,2007,206,4444110,4.6,4,5.3,184,0.0046353488099979525,1
South Carolina,2008,228,4528996,5,4.4,5.7,196,0.0050342283366997895,1
South Carolina,2009,248,4589872,5.4,4.7,6.1,202,0.00540320078642716,1
South Carolina,2010,278,4625364,6,5.3,6.7,210,0.006010337780983291,1
South Carolina,2011,249,4679230,5.3,4.7,6,219,0.005321388348082911,1
South Carolina,2012,245,4723723,5.2,4.5,5.8,217,0.005186586935770789,1
South Carolina,2013,250,4774839,5.2,4.6,5.9,207,0.00523577863044178,1
South Carolina,2014,530,4832482,11,10,11.9,196,0.010967449025159328,2
South Dakota,2004,21,770396,2.7,1.7,4.2,155,0.002725870850835155,0
South Dakota,2005,22,775493,2.8,1.8,4.3,163,0.002836905039761803,0
South Dakota,2006,24,783033,3.1,2,4.6,174,0.0030650049231641576,1
South Dakota,2007,21,791623,2.7,1.6,4.1,184,0.0026527779005915695,0
South Dakota,2008,32,799124,4,2.7,5.7,196,0.004004384801357486,1
South Dakota,2009,35,807067,4.3,3,6,202,0.0043366907580163734,1
South Dakota,2010,33,814180,4.1,2.8,5.7,210,0.0040531577783782455,1
South Dakota,2011,35,824082,4.2,3,5.9,219,0.004247150162241136,1
South Dakota,2012,26,833354,3.1,2,4.6,217,0.003119922625918877,1
South Dakota,2013,34,844877,4,2.8,5.6,207,0.004024254418098729,1
South Dakota,2014,33,853175,3.9,2.7,5.4,196,0.0038679051777185222,1
Tennessee,1999,91,5638706,1.6,1.3,2,116,0.001613845446100577,0
Tennessee,2000,103,5689283,1.8,1.5,2.2,126,0.001810421453810612,0
Tennessee,2001,145,5750789,2.5,2.1,2.9,138,0.002521393151444089,0
Tennessee,2002,179,5795918,3.1,2.6,3.5,142,0.003088380477432565,1
Tennessee,2003,312,5847812,5.3,4.7,5.9,149,0.005335328837520769,1
Tennessee,2004,403,5910809,6.8,6.2,7.5,155,0.006818017635149435,1
Tennessee,2005,466,5991057,7.8,7.1,8.5,163,0.007778260163440275,1
Tennessee,2006,483,6088766,7.9,7.2,8.6,174,0.007932641852224243,1
Tennessee,2007,494,6175727,8,7.3,8.7,184,0.007999058248526853,1
Tennessee,2008,499,6247411,8,7.3,8.7,196,0.007987308662740453,1
Tennessee,2009,548,6306019,8.7,8,9.4,202,0.008690110194720314,1
Tennessee,2010,652,6346105,10.3,9.5,11.1,210,0.010274018472748244,2
Tennessee,2011,663,6403353,10.4,9.6,11.1,219,0.010353950500620534,2
Tennessee,2012,748,6456243,11.6,10.8,12.4,217,0.01158568535911675,2
Tennessee,2013,789,6495978,12.1,11.3,13,207,0.012145977095365778,2
Tennessee,2014,892,6549352,13.6,12.7,14.5,196,0.013619668022118829,2
Texas,1999,379,20558220,1.8,1.7,2,116,0.0018435448205146167,0
Texas,2000,457,20851820,2.2,2,2.4,126,0.002191655212830343,0
Texas,2001,602,21319622,2.8,2.6,3,138,0.0028236898384033263,0
Texas,2002,788,21690325,3.6,3.4,3.9,142,0.0036329561682455196,1
Texas,2003,825,22030931,3.7,3.5,4,149,0.00374473507270301,1
Texas,2004,836,22394023,3.7,3.5,4,155,0.003733138971948006,1
Texas,2005,908,22778123,4,3.7,4.2,163,0.003986281046950181,1
Texas,2006,1107,23359580,4.7,4.5,5,174,0.004738955066829113,1
Texas,2007,1064,23831983,4.5,4.2,4.7,184,0.004464588616062709,1
Texas,2008,986,24309039,4.1,3.8,4.3,196,0.004056104398038935,1
Texas,2009,1197,24801761,4.8,4.6,5.1,202,0.004826270199120135,1
Texas,2010,1171,25145561,4.7,4.4,4.9,210,0.004656885563221278,1
Texas,2011,1218,25674681,4.7,4.5,5,219,0.004743973255208117,1
Texas,2012,1179,26059203,4.5,4.3,4.8,217,0.004524313349107415,1
Texas,2013,1114,26448193,4.2,4,4.5,207,0.004212007981036738,1
Texas,2014,1219,26956958,4.5,4.3,4.8,196,0.004522023590347249,1
Utah,1999,145,2203482,6.6,5.5,7.7,116,0.006580493963644813,1
Utah,2000,159,2233169,7.1,6,8.2,126,0.007119926884172224,1
Utah,2001,167,2283715,7.3,6.2,8.4,138,0.0073126462802932946,1
Utah,2002,213,2324815,9.2,7.9,10.4,142,0.009162019343474642,1
Utah,2003,272,2360137,11.5,10.2,12.9,149,0.011524754707036075,2
Utah,2004,275,2401580,11.5,10.1,12.8,155,0.01145079489336187,2
Utah,2005,345,2457719,14,12.6,15.5,163,0.014037406229109185,2
Utah,2006,343,2525507,13.6,12.1,15,174,0.013581431371997781,2
Utah,2007,382,2597746,14.7,13.2,16.2,184,0.014705055844566791,2
Utah,2008,371,2663029,13.9,12.5,15.3,196,0.013931504313321408,2
Utah,2009,393,2723421,14.4,13,15.9,202,0.01443038002571031,2
Utah,2010,353,2763885,12.8,11.4,14.1,210,0.012771877266962989,2
Utah,2011,394,2817222,14,12.6,15.4,219,0.013985408320679025,2
Utah,2012,438,2855287,15.3,13.9,16.8,217,0.015339964073664048,2
Utah,2013,444,2900872,15.3,13.9,16.7,207,0.01530574254913695,2
Utah,2014,471,2942902,16,14.6,17.5,196,0.016004610415161633,2
Vermont,2000,24,608827,3.9,2.5,5.9,126,0.003942006514165764,1
Vermont,2001,39,612223,6.4,4.5,8.7,138,0.006370227841815808,1
Vermont,2002,41,615442,6.7,4.8,9,142,0.006661878779803783,1
Vermont,2003,50,617858,8.1,6,10.7,149,0.008092474322578974,1
Vermont,2004,41,619920,6.6,4.7,9,155,0.006613756613756614,1
Vermont,2005,46,621215,7.4,5.4,9.9,163,0.007404843733650991,1
Vermont,2006,59,622892,9.5,7.2,12.2,174,0.009471946982783534,1
Vermont,2007,54,623481,8.7,6.5,11.3,184,0.008661049815471522,1
Vermont,2008,59,624151,9.5,7.2,12.2,196,0.009452840738859667,1
Vermont,2009,46,624817,7.4,5.4,9.8,202,0.007362155639171149,1
Vermont,2010,45,625741,7.2,5.2,9.6,210,0.007191473788676146,1
Vermont,2011,60,626431,9.6,7.3,12.3,219,0.009578070050811661,1
Vermont,2012,57,626011,9.1,6.9,11.8,217,0.009105271313123891,1
Vermont,2013,75,626630,12,9.4,15,207,0.011968785407656831,2
Vermont,2014,72,626562,11.5,9,14.5,196,0.011491280990548422,2
Virginia,1999,210,7000174,3,2.6,3.4,116,0.002999925430425015,0
Virginia,2000,260,7078515,3.7,3.2,4.1,126,0.0036730867985728644,1
Virginia,2001,326,7198362,4.5,4,5,138,0.004528808081616346,1
Virginia,2002,361,7286873,5,4.4,5.5,142,0.004954114062369414,1
Virginia,2003,374,7366977,5.1,4.6,5.6,149,0.005076709211933199,1
Virginia,2004,399,7475575,5.3,4.8,5.9,155,0.0053373820742886,1
Virginia,2005,385,7577105,5.1,4.6,5.6,163,0.005081096276216312,1
Virginia,2006,427,7673725,5.6,5,6.1,174,0.005564442301489824,1
Virginia,2007,520,7751000,6.7,6.1,7.3,184,0.006708811766223713,1
Virginia,2008,501,7833496,6.4,5.8,7,196,0.006395611869847128,1
Virginia,2009,492,7925937,6.2,5.7,6.8,202,0.006207467962462986,1
Virginia,2010,400,8001024,5,4.5,5.5,210,0.004999360081909515,1
Virginia,2011,582,8096604,7.2,6.6,7.8,219,0.0071881989041331406,1
Virginia,2012,547,8185867,6.7,6.1,7.2,217,0.006682248807609506,1
Virginia,2013,651,8260405,7.9,7.3,8.5,207,0.007880969516627817,1
Virginia,2014,775,8326289,9.3,8.7,10,196,0.009307868127085187,1
Washington,1999,372,5842564,6.4,5.7,7,116,0.006367067609357809,1
Washington,2000,374,5894121,6.3,5.7,7,126,0.006345305771632445,1
Washington,2001,332,5985722,5.5,4.9,6.1,138,0.005546532231199511,1
Washington,2002,474,6052349,7.8,7.1,8.5,142,0.007831669984662153,1
Washington,2003,492,6104115,8.1,7.3,8.8,149,0.008060136481701279,1
Washington,2004,606,6178645,9.8,9,10.6,155,0.009807975696936788,1
Washington,2005,629,6257305,10.1,9.3,10.8,163,0.010052250929114052,2
Washington,2006,689,6370753,10.8,10,11.6,174,0.01081504807987376,2
Washington,2007,675,6461587,10.4,9.7,11.2,184,0.010446350099441514,2
Washington,2008,712,6562231,10.8,10.1,11.6,196,0.010849968554901527,2
Washington,2009,737,6667426,11.1,10.3,11.9,202,0.011053740978902504,2
Washington,2010,648,6724540,9.6,8.9,10.4,210,0.009636346872797248,1
Washington,2011,712,6830038,10.4,9.7,11.2,219,0.01042453936566678,2
Washington,2012,717,6897012,10.4,9.6,11.2,217,0.010395806183895287,2
Washington,2013,667,6971406,9.6,8.8,10.3,207,0.009567653928059848,1
Washington,2014,692,7061530,9.8,9.1,10.5,196,0.00979957601256385,1
West Virginia,1999,34,1811799,1.9,1.3,2.6,116,0.001876587855496112,0
West Virginia,2000,52,1808344,2.9,2.1,3.8,126,0.002875559075043244,0
West Virginia,2001,150,1801481,8.3,7,9.7,138,0.008326482488574679,1
West Virginia,2002,183,1805414,10.1,8.7,11.6,142,0.010136179291841095,2
West Virginia,2003,203,1812295,11.2,9.7,12.7,149,0.011201266901911665,2
West Virginia,2004,273,1816438,15,13.2,16.8,155,0.015029414711649943,2
West Virginia,2005,154,1820492,8.5,7.1,9.8,163,0.008459251674821972,1
West Virginia,2006,299,1827912,16.4,14.5,18.2,174,0.016357461409520806,2
West Virginia,2007,347,1834052,18.9,16.9,20.9,184,0.01891985614366441,2
West Virginia,2008,387,1840310,21,18.9,23.1,196,0.021029065755226024,2
West Virginia,2009,193,1847775,10.4,9,11.9,202,0.0104449946557346,2
West Virginia,2010,495,1852994,26.7,24.4,29.1,210,0.026713524166834864,2
West Virginia,2011,596,1855364,32.1,29.5,34.7,219,0.03212307665773401,2
West Virginia,2012,513,1855413,27.6,25.3,30,217,0.02764883074549979,2
West Virginia,2013,518,1854304,27.9,25.5,30.3,207,0.02793500957771757,2
West Virginia,2014,585,1850326,31.6,29.1,34.2,196,0.03161605036085533,2
Wisconsin,1999,85,5332666,1.6,1.3,2,116,0.0015939494429240456,0
Wisconsin,2000,117,5363675,2.2,1.8,2.6,126,0.0021813402191594384,0
Wisconsin,2001,143,5406835,2.6,2.2,3.1,138,0.002644800516383429,0
Wisconsin,2002,173,5445162,3.2,2.7,3.7,142,0.0031771322873405785,1
Wisconsin,2003,203,5479203,3.7,3.2,4.2,149,0.003704918397803476,1
Wisconsin,2004,226,5514026,4.1,3.6,4.6,155,0.004098638635363707,1
Wisconsin,2005,281,5546166,5.1,4.5,5.7,163,0.00506656309962594,1
Wisconsin,2006,352,5577655,6.3,5.7,7,174,0.006310895887250107,1
Wisconsin,2007,390,5610775,7,6.3,7.6,184,0.006950911415980859,1
Wisconsin,2008,380,5640996,6.7,6.1,7.4,196,0.006736399033078556,1
Wisconsin,2009,406,5669264,7.2,6.5,7.9,202,0.007161423422864062,1
Wisconsin,2010,420,5686986,7.4,6.7,8.1,210,0.007385282819405569,1
Wisconsin,2011,484,5711767,8.5,7.7,9.2,219,0.008473735010549275,1
Wisconsin,2012,496,5726398,8.7,7.9,9.4,217,0.008661640354023593,1
Wisconsin,2013,604,5742713,10.5,9.7,11.4,207,0.010517676923781496,2
Wisconsin,2014,640,5757564,11.1,10.3,12,196,0.011115812173342754,2
Wyoming,2007,25,534876,4.7,3,6.9,184,0.00467398051137086,1
Wyoming,2008,48,546043,8.8,6.5,11.7,196,0.008790516497784973,1
Wyoming,2009,34,559851,6.1,4.2,8.5,202,0.0060730444350371796,1
Wyoming,2010,49,563626,8.7,6.4,11.5,210,0.008693708239151493,1
Wyoming,2011,47,568158,8.3,6.1,11,219,0.008272346776776882,1
Wyoming,2012,47,576412,8.2,6,10.8,217,0.00815388992595574,1
Wyoming,2013,52,582658,8.9,6.7,11.7,207,0.008924617871890543,1
Wyoming,2014,57,584153,9.8,7.4,12.6,196,0.009757717584263028,1
